Implied PPP conversion rate (National currency per international dollar),1980,1981,1982,1983,1984,1985,1986,1987,1988,1989,1990,1991,1992,1993,1994,1995,1996,1997,1998,1999,2000,2001,2002,2003,2004,2005,2006,2007,2008,2009,2010,2011,2012,2013,2014,2015,2016,2017,2018,2019,2020,2021,2022,2023,2024,2025,2026,2027,2028
,,,,,,,,,,,,,,,,,,,,,,,,,,,,,,,,,,,,,,,,,,,,,,,,,
Afghanistan,no data,no data,no data,no data,no data,no data,no data,no data,no data,no data,no data,no data,no data,no data,no data,no data,no data,no data,no data,no data,no data,no data,9.092,10.096,10.929,11.736,12.254,13.014,14.883,14.39,15.37,16.613,17.242,17.509,17.036,17.023,17.446,17.206,17.15,17.946,19.101,18.375,no data,no data,no data,no data,no data,no data,no data
Albania,3.21,2.87,2.706,2.602,2.43,2.443,2.339,2.283,2.204,2.122,2.045,2.681,9.166,19.235,25.806,27.763,31.244,34.168,36.062,36.309,37.51,38.081,38.864,40.093,40.276,40.343,40.105,40.763,41.643,42.378,43.756,43.858,43.655,44.114,42.894,42.694,42.39,41.231,40.856,40.641,40.397,39.996,41.07,41.347,41.905,42.324,42.758,43.242,43.716
Algeria,1.811,1.893,1.816,1.867,1.926,1.954,1.952,2.023,2.215,2.468,3.1,4.72,5.662,6.255,7.726,9.822,11.911,12.529,12.002,13.16,15.739,15.319,15.283,16.236,17.748,19.983,21.433,22.209,25.138,22.183,25.449,29.476,32.593,33.43,34.04,35.011,37.156,38.856,41.163,40.246,37.731,41.731,47.39,48.366,50.173,52.165,54.352,55.96,57.479
Andorra,no data,no data,no data,no data,no data,no data,no data,no data,no data,no data,no data,no data,no data,no data,no data,no data,no data,no data,no data,no data,0.698,0.704,0.716,0.724,0.727,0.728,0.731,0.735,0.737,0.734,0.728,0.714,0.695,0.675,0.662,0.665,0.643,0.63,0.622,0.619,0.618,0.606,0.591,0.594,0.604,0.604,0.603,0.602,0.603
Angola,0,0,0,0,0,0,0,0,0,0,0,0,0,0,0,0,0.024,0.046,0.064,0.413,2.09,4.218,10.086,19.18,24.925,34.408,39.092,39.703,46.502,38.461,50.047,64.606,65.682,66.019,65.001,68.182,80.779,92.952,116.434,138.59,155.359,210.19,228.963,246.42,297.001,339.982,361.275,381.518,406.452
Antigua and Barbuda,1.297,1.284,1.346,1.362,1.365,1.421,1.506,1.6,1.737,1.748,1.713,1.7,1.703,1.694,1.712,1.717,1.737,1.739,1.755,1.757,1.745,1.732,1.717,1.669,1.651,1.672,1.628,1.645,1.685,1.705,1.709,1.691,1.829,1.854,1.915,2.04,2.06,2.094,2.092,2.056,2.08,2.058,1.998,2.023,2.036,2.044,2.046,2.049,2.052
Argentina,0,0,0,0,0,0,0,0,0.001,0.016,0.334,0.767,0.852,0.817,0.823,0.832,0.816,0.799,0.776,0.752,0.743,0.718,0.923,0.999,1.031,1.103,1.217,1.362,1.647,1.888,2.255,2.733,3.218,3.941,5.452,6.867,9.295,10.257,14.226,21.087,29.12,42.449,67.229,141.072,269.377,405.743,566.449,762.374,991.929
Armenia,no data,no data,no data,no data,no data,no data,no data,no data,no data,no data,no data,no data,0.053,0.79,35.236,89.188,105.437,121.955,134.792,133.158,128.477,130.865,130.048,133.334,138.036,137.875,139.927,142.012,147.62,150.43,160.191,163.65,157.964,159.846,165.186,172.924,161.229,155.971,156.518,155.353,156.04,159.611,161.271,163.243,166.739,169.983,173.25,176.775,180.154
Aruba,no data,no data,no data,no data,no data,no data,0.979,0.99,0.986,0.986,1.006,1.027,1.043,1.073,1.116,1.131,1.146,1.169,1.232,1.24,1.224,1.163,1.196,1.209,1.21,1.233,1.238,1.267,1.297,1.31,1.279,1.303,1.318,1.285,1.309,1.362,1.355,1.351,1.365,1.423,1.392,1.266,1.223,1.245,1.244,1.243,1.244,1.246,1.248
Australia,0.92,0.926,0.977,1.022,1.045,1.067,1.11,1.16,1.222,1.265,1.281,1.256,1.243,1.228,1.218,1.227,1.229,1.22,1.219,1.213,1.238,1.254,1.27,1.283,1.293,1.311,1.337,1.359,1.419,1.416,1.473,1.511,1.54,1.447,1.452,1.474,1.45,1.466,1.463,1.483,1.476,1.49,1.504,1.475,1.452,1.468,1.482,1.493,1.504
Austria,0.898,0.874,0.867,0.865,0.873,0.872,0.878,0.875,0.897,0.888,0.882,0.884,0.895,0.898,0.901,0.899,0.891,0.887,0.881,0.871,0.864,0.861,0.857,0.852,0.844,0.839,0.829,0.826,0.826,0.836,0.833,0.831,0.814,0.797,0.799,0.799,0.777,0.77,0.766,0.764,0.774,0.755,0.74,0.772,0.782,0.788,0.788,0.79,0.791
Azerbaijan,no data,no data,no data,no data,no data,no data,no data,no data,no data,no data,no data,no data,0,0.001,0.034,0.114,0.14,0.159,0.143,0.144,0.166,0.172,0.176,0.185,0.196,0.221,0.239,0.281,0.353,0.285,0.32,0.384,0.369,0.359,0.355,0.377,0.431,0.505,0.554,0.543,0.496,0.577,0.74,0.685,0.683,0.68,0.679,0.679,0.68
"Bahamas, The",0.978,0.953,0.951,0.953,0.96,0.973,1.005,1.041,1.023,1.084,0.986,0.979,0.994,0.963,0.963,0.951,0.943,0.94,0.958,0.992,0.979,0.961,0.983,0.975,0.961,0.979,0.958,0.96,0.956,0.94,0.925,0.899,0.915,0.903,0.904,0.936,0.924,0.901,0.883,0.902,0.87,0.841,0.769,0.765,0.768,0.769,0.769,0.769,0.77
Bahrain,0.185,0.185,0.172,0.159,0.153,0.141,0.107,0.115,0.13,0.129,0.127,0.126,0.121,0.12,0.122,0.124,0.123,0.123,0.11,0.111,0.122,0.118,0.117,0.125,0.135,0.149,0.157,0.166,0.181,0.157,0.166,0.179,0.176,0.181,0.184,0.187,0.19,0.187,0.191,0.187,0.174,0.184,0.185,0.176,0.174,0.173,0.172,0.171,0.171
Bangladesh,8.178,8.026,8.247,8.848,9.6,10.189,10.938,11.644,12.157,12.565,12.891,13.057,12.967,12.929,13.373,13.844,14.14,14.497,14.942,15.267,15.428,15.628,16.143,16.648,16.957,17.307,17.83,18.609,19.585,20.817,22.121,23.41,23.787,24.966,25.819,27.284,28.499,29.738,30.396,30.969,31.799,31.836,31.308,31.98,32.841,33.814,34.987,36.279,37.577
Barbados,1.345,1.379,1.427,1.45,1.473,1.478,1.514,1.585,1.574,1.618,1.617,1.635,1.632,1.677,1.678,1.66,1.672,1.659,1.783,1.836,1.772,1.772,1.76,1.746,1.799,1.861,1.886,1.992,1.987,1.941,1.991,2.019,2.123,2.146,2.173,2.131,2.119,2.203,2.214,2.284,2.282,2.269,2.266,2.289,2.305,2.327,2.351,2.376,2.394
Belarus,no data,no data,no data,no data,no data,no data,no data,no data,no data,no data,no data,no data,0,0,0,0,0,0.001,0.001,0.006,0.016,0.029,0.041,0.052,0.063,0.072,0.077,0.085,0.101,0.106,0.117,0.196,0.32,0.374,0.449,0.525,0.564,0.609,0.667,0.711,0.786,0.85,0.912,0.939,0.988,1.018,1.051,1.092,1.128
Belgium,0.842,0.809,0.819,0.833,0.848,0.86,0.866,0.86,0.848,0.855,0.848,0.844,0.853,0.867,0.866,0.883,0.872,0.863,0.869,0.862,0.86,0.858,0.859,0.858,0.851,0.842,0.836,0.829,0.829,0.828,0.834,0.832,0.822,0.806,0.8,0.8,0.781,0.773,0.766,0.766,0.768,0.755,0.748,0.749,0.758,0.758,0.757,0.757,0.757
Belize,1.681,1.596,1.625,1.554,1.503,1.466,1.46,1.366,1.406,1.351,1.329,1.257,1.27,1.264,1.27,1.311,1.325,1.282,1.285,1.24,1.228,1.192,1.183,1.118,1.114,1.109,1.115,1.127,1.145,1.111,1.122,1.151,1.239,1.264,1.312,1.319,1.342,1.375,1.345,1.32,1.295,1.288,1.279,1.279,1.272,1.261,1.252,1.245,1.237
Benin,144.645,112.014,120.173,129.603,139.203,138.66,130.254,131.767,126.957,124.406,115.342,112.413,113.233,113.242,149.713,168.78,177.194,180.579,187.911,203.026,207.146,206.574,210.633,212.88,208.911,211.256,209.224,204.514,213.577,217.606,216.916,220.434,234.004,231.477,225.044,220.524,214.434,216.774,212.933,208.516,211.754,205.932,200.416,202.869,202.869,202.853,202.968,203.305,203.592
Bhutan,4.996,4.776,4.776,4.933,5.153,5.396,5.646,5.705,5.89,6.213,6.373,6.609,7.06,7.497,8.231,8.893,9.459,10.286,11.311,12.123,12.355,12.515,12.951,13.186,13.277,13.501,13.836,14.038,14.357,14.997,15.613,16.397,17.148,18.135,18.677,18.587,18.831,19.208,19.376,19.287,19.776,20.092,19.913,20.071,20.503,21.007,21.494,21.984,22.46
Bolivia,0,0,0,0,0.002,0.189,0.612,0.681,0.777,0.846,0.948,1.08,1.195,1.244,1.315,1.435,1.572,1.634,1.729,1.746,1.796,1.79,1.812,1.889,1.987,2.041,2.25,2.352,2.548,2.47,2.655,2.981,3.045,3.033,3.018,2.941,2.835,2.749,2.766,2.699,2.615,2.602,2.558,2.559,2.612,2.658,2.706,2.759,2.811
Bosnia and Herzegovina,no data,no data,no data,no data,no data,no data,no data,no data,no data,no data,no data,no data,no data,no data,0.481,0.502,0.485,0.554,0.562,0.574,0.6,0.614,0.635,0.632,0.631,0.631,0.654,0.677,0.718,0.713,0.715,0.718,0.706,0.686,0.687,0.694,0.676,0.676,0.679,0.683,0.675,0.678,0.708,0.712,0.717,0.724,0.73,0.733,0.733
Botswana,0.42,0.37,0.385,0.399,0.47,0.562,0.59,0.674,0.821,0.838,0.801,0.824,0.886,0.959,1.073,1.13,1.322,1.364,1.515,1.714,1.862,1.957,1.92,1.935,2.08,2.335,2.456,2.536,2.721,3.112,3.312,3.655,3.964,4.126,4.284,4.43,4.575,4.734,4.625,4.559,4.696,4.879,5.223,5.202,5.285,5.389,5.526,5.652,5.802
Brazil,0,0,0,0,0,0,0,0,0,0,0,0,0.001,0.012,0.284,0.539,0.627,0.664,0.689,0.734,0.758,0.802,0.867,0.97,1.018,1.061,1.099,1.139,1.215,1.296,1.388,1.473,1.606,1.701,1.813,1.989,2.133,2.182,2.226,2.279,2.395,2.553,2.584,2.589,2.654,2.689,2.73,2.775,2.821
Brunei Darussalam,no data,no data,no data,no data,no data,0.861,0.585,0.637,0.554,0.582,0.618,0.589,0.545,0.533,0.513,0.532,0.509,0.523,0.445,0.466,0.518,0.479,0.473,0.492,0.556,0.64,0.683,0.672,0.744,0.576,0.599,0.705,0.676,0.668,0.65,0.685,0.666,0.647,0.69,0.655,0.576,0.637,0.74,0.635,0.634,0.625,0.615,0.61,0.605
Bulgaria,0.001,0.001,0.001,0.001,0.001,0.001,0.001,0.001,0.001,0.001,0.001,0.003,0.004,0.007,0.013,0.022,0.035,0.345,0.457,0.465,0.489,0.507,0.519,0.52,0.534,0.552,0.572,0.618,0.656,0.677,0.674,0.701,0.693,0.68,0.661,0.679,0.667,0.674,0.686,0.709,0.73,0.749,0.805,0.856,0.864,0.873,0.875,0.879,0.882
Burkina Faso,196.622,195.795,204.861,211.459,205.89,203.811,187.11,184.853,184.643,186.26,182.791,169.795,166.389,160.193,179.803,188.033,185.295,184.989,197.455,203.35,197.215,200.51,203.469,202.493,197.378,198.533,191.314,190.923,204.489,208.075,213.374,223.116,238.979,231.079,231.326,225.416,215.197,208.757,204.967,204.629,215.79,204.831,203.099,199.519,201.05,201.019,201.057,201.317,201.608
Burundi,66.663,56.503,56.805,57.634,65.019,66.163,62.591,59.024,57.805,64.445,64.81,64.83,66.778,70.28,73.378,83.443,93.781,119.628,131.834,156.786,193.662,216.201,219.469,232.248,258.541,288.042,287.372,302.96,369.243,403.908,434.736,461.509,527.053,539.311,547.1,570.659,585.893,654.896,621.289,615.36,643.625,668.291,739.192,884.123,1011.198,1099.185,1196.346,1300.082,1415.269
Cabo Verde,26.886,26.916,29.761,31.668,33.246,33.409,38.547,40.373,41.114,40.959,40.422,40.983,41.346,44.888,47.063,48.22,49.149,49.46,50.591,53.38,50.849,50.381,49.442,52.311,50.107,47.835,47.51,48.153,49.001,49.64,49.372,49.695,51.141,51.855,51.84,50.453,49.364,48.477,48.146,47.594,47.638,45.609,45.727,45.814,45.61,45.519,45.54,45.637,45.72
Cambodia,no data,no data,no data,no data,no data,no data,no data,29.609,50.137,57.412,136.028,272.76,467.761,947.677,914.228,1002.943,1014.776,1057.481,1154.022,1152.343,1082.668,1082.702,1073.689,1071.834,1094.165,1125.363,1142.235,1184.671,1304.816,1328.976,1354.171,1371.235,1336.79,1340.068,1386.036,1395.92,1402.131,1428.354,1438.223,1458.594,1430.131,1386.335,1348.326,1336.33,1336.847,1343.723,1352.885,1362.854,1372.685
Cameroon,166.468,165.51,175.277,190.216,208.481,224.609,220.53,210.072,204.66,193.251,189.458,189.712,183.018,182.299,204.149,218.911,220.948,224.863,230.82,232.787,232.166,234.838,236.81,237.797,232.965,231.233,230.102,225.639,232.309,239.055,237.758,238.707,242.194,241.083,239.119,240.708,237.444,232.801,231.501,230.2,228.377,225.871,223.048,222.682,223.664,224.289,222.976,221.869,220.882
Canada,1.118,1.126,1.154,1.175,1.174,1.176,1.189,1.216,1.228,1.237,1.233,1.229,1.219,1.206,1.198,1.2,1.199,1.192,1.177,1.183,1.206,1.199,1.196,1.211,1.218,1.217,1.211,1.218,1.243,1.206,1.226,1.24,1.245,1.224,1.23,1.248,1.207,1.205,1.195,1.193,1.185,1.226,1.228,1.195,1.2,1.199,1.199,1.202,1.204
Central African Republic,167.466,175.42,188.849,204.248,196.874,250.776,233.038,213.393,212.672,208.956,199.749,190.525,186.87,179.079,201.415,226.115,218.286,225.829,231.508,233.691,228.595,233.161,233.654,236.356,230.834,234.173,233.946,229.078,237.112,244.717,251.994,256.761,262.129,254.347,290.945,283.524,280.048,286.829,283.756,285.517,287.091,283.831,282.625,291.601,298.324,300.283,301.959,303.506,305.372
Chad,89.435,138.414,139.882,144.463,163.58,149.217,131.003,121.324,126.285,120.548,115.81,104.169,97.286,90.728,133.755,145.47,159.378,162.603,171.646,156.443,161.069,179.255,179.871,176.491,188.641,225.098,240.031,241.724,257.524,231.622,243.054,258.131,285.354,308.42,300.386,252.075,246.884,243.655,243.422,242.911,235.224,240.787,250.739,240.115,238.939,238.473,238.968,240.027,241.274
Chile,29.254,29.793,31.604,39.334,43.58,58.027,69.452,85.293,101.09,110.384,130.332,154.163,171.499,187.45,209.582,229.311,236.269,240,239.178,241.014,246.422,251.3,255.71,261.544,272.599,283.13,308.575,315.745,310.768,319.836,344.031,348.017,347.228,349.681,367.214,391.361,409.978,411.264,407.995,411.117,444.931,454.75,453.209,470.976,475.645,481.439,487.452,492.823,498.385
"China, People's Republic of",1.5,1.413,1.336,1.3,1.316,1.404,1.442,1.479,1.602,1.678,1.712,1.762,1.859,2.091,2.465,2.743,2.872,2.869,2.808,2.733,2.729,2.725,2.703,2.723,2.833,2.868,2.889,3.033,3.193,3.168,3.326,3.524,3.561,3.664,3.759,3.871,3.989,4.184,4.228,4.241,4.239,4.177,3.988,3.809,3.791,3.782,3.785,3.796,3.809
Colombia,27.932,31.327,36.811,42.652,50.297,60.887,77.095,92.821,114.54,137.426,169.869,207.15,249.162,301.577,370.911,431.78,495.539,569.176,645.992,717.422,779.773,812.301,847.57,887.925,927.686,951.445,976.566,1000.336,1056.868,1092.818,1120.925,1168.243,1203.585,1206.679,1220.607,1276.479,1285.21,1314.787,1343.368,1372.523,1374.895,1416.683,1513.76,1597.313,1622.964,1637.919,1655.514,1674.474,1693.242
Comoros,158.563,154.569,160.592,168.71,172.77,170.091,169.373,170.549,167.038,169.748,158.974,169.403,157.743,157.566,173.871,180.846,182.809,181.536,181.96,186.356,193.827,203.585,208.122,214.157,209.468,202.268,207.892,212.614,215.173,215.911,216.921,218.978,213.964,211.5,206.343,203.344,197.571,190.126,187.437,192.406,191.358,182.53,179.65,178.844,176.794,176.405,176.511,176.699,176.786
"Congo, Dem. Rep. of the",0,0,0,0,0,0,0,0,0,0,0,0,0,0,0.013,0.073,0.537,1.544,2.033,10.815,65.987,111.68,144.845,159.505,163.81,210.129,235.309,279.134,341.322,399.684,487.896,532.063,583.255,558.907,530.018,508.596,494.127,645.391,810.084,819.49,855.616,975.219,969.688,1064.013,1132.812,1185.231,1235.438,1286.802,1337.695
"Congo, Republic of ",149.469,140.306,136.044,134.807,134,133.796,135.118,135.861,113.5,101.91,97.44,98.542,93.781,88.567,118.742,119.482,134.309,137.575,110.08,138.778,192.569,170.77,173.535,163.556,191.658,221.708,239.548,248.965,284.024,222.483,284.513,309.251,316.116,316.152,314.805,311.999,316.625,297.674,355.317,344.459,292.42,311.26,334.818,308.695,305.697,303.907,303.227,303.752,304.609
Costa Rica,5.076,6.544,11.35,14.083,15.861,18.533,21.447,23.052,26.462,29.346,33.519,53.176,62.248,67.152,76.051,90.308,102.053,115.05,127.352,139.433,149.147,160.04,173.006,187.723,207.222,227.068,248.872,267.808,292.787,319.146,336.26,344.546,353.785,357.828,363.422,364.163,352.897,350.817,350.091,352.751,350.897,342.455,338.485,330.493,332.589,336.153,339.99,343.916,347.797
Croatia,no data,no data,no data,no data,no data,no data,no data,no data,no data,no data,no data,no data,0.011,0.167,0.347,0.359,0.366,0.384,0.412,0.421,0.43,0.438,0.448,0.458,0.463,0.463,0.466,0.473,0.49,0.501,0.5,0.498,0.486,0.474,0.47,0.466,0.449,0.442,0.44,0.441,0.438,0.428,0.433,0.447,0.457,0.459,0.462,0.463,0.465
Cyprus,0.464,0.474,0.491,0.498,0.519,0.533,0.544,0.552,0.55,0.555,0.564,0.567,0.588,0.604,0.622,0.634,0.639,0.642,0.647,0.653,0.656,0.665,0.657,0.679,0.679,0.672,0.672,0.681,0.7,0.697,0.702,0.699,0.707,0.687,0.68,0.663,0.622,0.615,0.607,0.604,0.589,0.58,0.577,0.593,0.597,0.601,0.604,0.607,0.61
Czech Republic,no data,no data,no data,no data,no data,no data,no data,no data,no data,no data,no data,no data,no data,no data,no data,10.91,11.746,12.507,13.581,13.799,13.742,14.097,14.258,14.163,14.351,13.928,13.6,13.711,13.723,13.989,13.625,13.345,13.298,12.785,12.703,12.935,12.578,12.378,12.397,12.653,13.029,12.884,13.069,13.64,14.033,14.133,14.233,14.309,14.335
CÃ´te d'Ivoire,141.892,133.505,136.157,140.625,158.333,155.365,149.936,140.389,134.29,128.67,118.414,115.301,112.709,116.86,168.56,186.03,191.067,195.744,200.61,199.378,199.339,209.366,219.898,225.995,213.725,209.923,207.191,207.657,221.073,224.818,234.114,236.911,241.715,247.242,246.519,250.638,252.411,253.746,251.956,250.878,251.44,247.032,237.337,236.244,235.862,235.479,234.923,234.27,234.608
Denmark,6.593,6.667,6.917,7.148,7.309,7.389,7.411,7.576,7.607,7.683,7.599,7.546,7.5,7.369,7.328,7.269,7.282,7.303,7.311,7.331,7.384,7.404,7.461,7.425,7.383,7.366,7.294,7.275,7.433,7.425,7.573,7.466,7.564,7.355,7.329,7.303,7.081,6.852,6.741,6.692,6.799,6.692,6.775,6.525,6.481,6.493,6.507,6.527,6.548
Djibouti,no data,no data,no data,no data,no data,no data,no data,no data,no data,no data,67.427,69.787,70.145,71.635,75.016,77.06,78.021,79.005,79.836,80.414,80.282,80.127,78.897,78.928,79.393,79.43,79.745,81.509,87.7,88.496,90.901,93.572,98.27,100.152,102.111,103.302,106.126,106.023,104.213,102.837,103.317,100.557,98.506,95.697,95.733,96.192,96.729,97.377,98.005
Dominica,1.581,1.47,1.45,1.499,1.536,1.607,1.665,1.717,1.733,1.808,1.798,1.873,1.911,1.917,2.02,1.994,2.023,2.017,2.045,2.068,1.986,1.983,1.968,1.87,1.89,1.806,1.793,1.773,1.765,1.895,1.878,1.87,1.859,1.867,1.811,1.841,1.826,1.738,1.743,1.789,1.746,1.721,1.719,1.761,1.77,1.769,1.77,1.773,1.776
Dominican Republic,0.632,0.619,0.627,0.643,0.77,1.033,1.108,1.237,1.715,2.04,2.959,4.529,4.675,4.794,5.17,5.552,5.653,6.082,6.406,6.559,6.876,7.13,7.507,9.825,13.89,14.246,14.737,15.445,16.729,17.204,17.925,18.976,20.189,20.887,21.359,21.151,20.819,21.613,21.976,22.134,22.881,23.6,24.418,24.618,24.98,25.451,25.951,26.501,27.072
Ecuador,0.647,0.582,0.541,0.471,0.464,0.504,0.351,0.341,0.283,0.267,0.254,0.262,0.27,0.302,0.342,0.356,0.36,0.381,0.371,0.276,0.248,0.311,0.343,0.372,0.378,0.395,0.414,0.43,0.48,0.48,0.51,0.528,0.551,0.543,0.544,0.554,0.549,0.535,0.532,0.525,0.516,0.507,0.498,0.489,0.486,0.484,0.482,0.48,0.479
Egypt,0.186,0.182,0.189,0.204,0.205,0.216,0.224,0.299,0.333,0.388,0.457,0.501,0.611,0.655,0.685,0.749,0.788,0.821,0.843,0.839,0.86,0.857,0.864,0.905,0.984,1.013,1.055,1.157,1.274,1.407,1.531,1.675,1.747,1.875,2.162,2.296,2.563,3.267,3.866,4.315,4.521,4.538,4.68,5.678,7.393,8.671,9.641,10.518,11.27
El Salvador,0.387,0.331,0.328,0.298,0.207,0.194,0.191,0.185,0.205,0.223,0.312,0.325,0.328,0.348,0.374,0.407,0.426,0.433,0.446,0.444,0.449,0.453,0.453,0.457,0.458,0.463,0.468,0.476,0.483,0.48,0.487,0.505,0.524,0.51,0.496,0.488,0.473,0.463,0.459,0.455,0.452,0.46,0.462,0.474,0.479,0.48,0.482,0.485,0.487
Equatorial Guinea,74.381,77.766,102.843,123.462,149.711,221.71,210.981,209.014,209.924,192.315,195.999,196.765,164.841,157.5,191.799,187.86,202.934,174.664,117.214,159.916,134.521,122.488,118.159,153.952,165.228,203.552,226.532,227.272,267.238,210.224,259.465,297.509,295.038,289.679,284.185,277.464,267.943,248.934,266.217,253.253,224.561,257.732,251.675,213.421,226.141,230.54,236.73,241.627,246.071
Eritrea,no data,no data,no data,no data,no data,no data,no data,no data,no data,no data,no data,no data,1.001,0.999,1.105,1.208,1.312,1.343,1.452,1.552,1.819,2.047,2.341,2.798,3.401,3.549,3.835,4.006,4.413,5.494,6.003,6.077,6.391,6.09,6.072,5.827,5.809,5.47,4.978,4.654,no data,no data,no data,no data,no data,no data,no data,no data,no data
Estonia,no data,no data,no data,no data,no data,no data,no data,no data,no data,no data,no data,no data,no data,0.135,0.185,0.244,0.293,0.317,0.335,0.352,0.357,0.372,0.385,0.392,0.399,0.41,0.434,0.474,0.497,0.492,0.495,0.512,0.521,0.522,0.527,0.537,0.528,0.534,0.546,0.556,0.544,0.551,0.598,0.63,0.637,0.642,0.645,0.648,0.65
Eswatini,0.582,0.592,0.609,0.622,0.663,0.753,0.817,0.845,1.005,1.04,1.107,1.166,1.266,1.443,1.624,1.848,1.96,2.144,2.277,2.366,2.544,2.71,2.906,3.021,3.056,3.157,3.187,3.258,3.53,3.851,3.927,4.052,4.497,4.69,4.982,5.323,5.788,6.206,6.23,6.268,6.345,6.018,6.129,6.182,6.285,6.406,6.53,6.659,6.786
Ethiopia,1.456,1.365,1.34,1.329,1.241,1.59,1.476,1.352,1.346,1.369,1.364,1.573,1.781,1.969,1.978,2.184,2.129,2.108,2.092,2.085,2.084,1.938,1.838,2.031,2.092,2.212,2.378,2.705,3.446,4.201,4.291,5.036,6.641,7.081,7.144,7.767,8.056,8.521,9.274,10.219,11.928,13.82,17.224,21.612,26.474,30.889,34.776,38.349,41.914
Fiji,0.624,0.577,0.579,0.597,0.584,0.608,0.62,0.654,0.662,0.618,0.635,0.651,0.676,0.705,0.696,0.689,0.697,0.71,0.755,0.795,0.742,0.75,0.763,0.809,0.805,0.85,0.855,0.858,0.853,0.86,0.885,0.949,0.93,0.935,0.932,0.911,0.937,0.939,0.93,0.928,0.902,0.842,0.806,0.812,0.834,0.839,0.846,0.856,0.865
Finland,0.74,0.754,0.775,0.807,0.845,0.862,0.885,0.901,0.937,0.96,0.978,0.96,0.947,0.941,0.939,0.958,0.94,0.943,0.962,0.957,0.951,0.961,0.955,0.939,0.92,0.9,0.881,0.881,0.891,0.901,0.893,0.898,0.908,0.905,0.907,0.908,0.881,0.863,0.86,0.858,0.86,0.841,0.828,0.837,0.833,0.832,0.832,0.834,0.836
France,0.781,0.797,0.842,0.888,0.917,0.937,0.965,0.965,0.963,0.956,0.946,0.938,0.936,0.93,0.918,0.909,0.905,0.898,0.896,0.886,0.878,0.877,0.881,0.88,0.873,0.862,0.853,0.852,0.857,0.851,0.851,0.841,0.844,0.812,0.808,0.808,0.78,0.766,0.756,0.752,0.765,0.742,0.714,0.724,0.726,0.726,0.725,0.724,0.723
Gabon,145.272,160.332,164.399,172.205,174.719,173.32,175.085,132.609,135.247,131.981,146.816,125.86,123.315,119.846,171.966,170.687,190.351,188.896,153.569,180.519,226.097,207.266,204.936,201.611,210.686,250.708,263.846,271.278,304.793,256.066,295.081,325.733,326.274,316.435,310.415,297.011,289.721,279.766,291.812,291.266,261.877,314.148,334.037,277.749,270.74,265.302,261.716,257.861,256.385
"Gambia, The",1.44,1.593,1.362,1.34,1.428,1.69,2.246,2.919,3.052,3.342,3.715,4.113,4.342,4.482,4.729,4.668,4.772,4.99,4.964,5.056,5.123,5.771,6.597,8.241,9.005,9.091,8.934,9.083,9.132,9.484,9.9,10.142,10.831,11.873,12.506,13.588,14.483,15.286,15.965,16.664,16.81,17.274,17.88,19.654,20.941,21.562,22.006,22.493,22.989
Georgia,no data,no data,no data,no data,no data,no data,no data,no data,no data,no data,0,0,0,0.001,0.111,0.286,0.4,0.419,0.443,0.48,0.491,0.506,0.528,0.535,0.565,0.591,0.622,0.663,0.713,0.693,0.761,0.811,0.743,0.725,0.723,0.754,0.748,0.805,0.82,0.847,0.897,0.947,0.961,0.956,0.963,0.972,0.982,0.994,1.005
Germany,0.926,0.882,0.871,0.865,0.852,0.844,0.854,0.848,0.831,0.819,0.815,0.903,0.93,0.944,0.943,0.942,0.93,0.917,0.913,0.904,0.879,0.871,0.87,0.864,0.851,0.828,0.807,0.799,0.792,0.801,0.797,0.789,0.787,0.775,0.769,0.778,0.753,0.741,0.738,0.74,0.744,0.734,0.722,0.735,0.752,0.76,0.763,0.764,0.764
Ghana,0.001,0.001,0.001,0.003,0.004,0.005,0.007,0.01,0.012,0.015,0.02,0.023,0.025,0.029,0.037,0.051,0.07,0.083,0.096,0.108,0.134,0.177,0.214,0.27,0.299,0.334,0.363,0.409,0.473,0.538,0.618,0.697,0.766,0.884,1.047,1.266,1.544,1.764,1.905,2.03,2.191,2.351,2.817,3.764,4.464,4.861,5.129,5.417,5.724
Greece,0.084,0.094,0.112,0.13,0.154,0.177,0.206,0.232,0.262,0.288,0.335,0.389,0.436,0.488,0.531,0.571,0.603,0.632,0.657,0.671,0.667,0.675,0.687,0.696,0.699,0.693,0.696,0.701,0.717,0.731,0.721,0.713,0.685,0.631,0.611,0.609,0.589,0.576,0.562,0.553,0.541,0.525,0.53,0.534,0.539,0.54,0.54,0.539,0.538
Grenada,1.559,1.465,1.437,1.407,1.442,1.52,1.552,1.592,1.642,1.723,1.657,1.709,1.738,1.729,1.745,1.76,1.775,1.778,1.788,1.781,1.789,1.787,1.766,1.731,1.72,1.708,1.734,1.728,1.829,1.817,1.804,1.771,1.8,1.769,1.733,1.736,1.73,1.69,1.639,1.664,1.637,1.611,1.532,1.529,1.532,1.532,1.536,1.542,1.548
Guatemala,0.402,0.399,0.394,0.404,0.406,0.468,0.649,0.683,0.737,0.787,1.066,1.372,1.461,1.635,1.788,1.904,2.036,2.167,2.347,2.43,2.54,2.654,2.784,2.846,2.911,2.962,3.016,3.119,3.354,3.379,3.501,3.637,3.648,3.717,3.767,3.732,3.858,3.933,3.889,3.957,4.018,3.949,3.92,3.994,4.091,4.152,4.213,4.28,4.346
Guinea,64.378,63.894,78.028,97.102,117.38,135.401,225.189,279.659,328.627,386.794,437.265,532.77,657.47,646.549,641.878,665.651,655.504,655.276,677.625,692.491,700.187,695.123,696.723,802.084,908.691,1249.137,1564.156,1735.307,1986.925,2017.74,2328.07,2485.901,2789.94,2932.747,3059.935,3164.996,3159.342,3216.035,3362.221,3613.555,3718.613,3887.959,3976.726,4138.456,4352.156,4574.17,4809.594,5075.336,5358.013
Guinea-Bissau,139.227,210.255,261.391,340.607,248.484,348.819,259.974,176.426,154.182,185.747,177.625,234.302,223.271,178.259,185.912,336.178,311.102,312.654,341.144,294.615,222.023,225.3,229.328,223.607,205.826,205.783,191.153,197.272,218.264,208.578,216.849,230.392,232.193,229.744,223.304,223.351,224.407,222.749,212.012,201.087,196.511,193.141,193.674,199.694,201.323,202.871,204.582,206.534,208.454
Guyana,1.138,1.095,1.034,1.142,1.281,1.465,1.636,3.372,4.034,11.154,16.933,38.031,41.729,46.589,53.812,58.341,58.897,58.687,59.016,66.27,67.72,66.816,68.468,70.348,71.786,73.932,75.779,81.629,88.521,88.89,93.509,100.269,104.888,102.278,101.929,102.838,106.23,105.353,99.909,101.055,73.522,82.067,89.619,70.177,67.471,64.475,61.879,51.867,46.525
Haiti,1.328,1.322,1.332,1.397,1.491,1.593,1.73,0.835,0.528,0.475,0.585,0.602,0.588,0.914,3.363,4.667,5.04,5.585,6.305,6.654,7.226,8.003,8.479,9.564,11.579,12.734,13.506,14.354,15.456,17.054,18.097,18.495,20.129,20.93,21.596,23.232,25.26,28.498,29.855,34.476,41.036,46.868,56.846,78.894,90.913,103.773,116.761,129.076,140.816
Honduras,1.557,1.467,1.489,1.49,1.485,1.463,1.465,1.462,1.541,1.654,1.993,2.434,2.468,2.673,3.176,3.849,4.467,5.129,5.595,5.935,6.267,6.625,6.858,7.113,7.373,7.67,7.838,8.137,8.606,9.206,9.522,10.057,10.37,10.332,10.398,10.474,10.393,10.362,10.315,10.552,10.899,10.826,11.043,11.33,11.603,11.84,12.079,12.337,12.597
Hong Kong SAR,3.98,4.025,4.16,4.186,4.429,4.525,4.601,4.877,5.126,5.552,5.756,6.077,6.53,6.928,7.212,7.356,7.649,7.952,7.96,7.527,7.111,6.831,6.497,5.989,5.623,5.444,5.252,5.275,5.242,5.189,5.141,5.233,5.454,5.548,5.706,5.831,5.932,6.011,6.085,6.1,6.06,5.839,5.556,5.483,5.545,5.558,5.579,5.606,5.631
Hungary,11.063,10.627,10.58,10.687,10.967,11.259,11.45,12.096,13.731,15.689,19.004,24.948,29.639,35.113,41.08,50.469,60.431,71.443,80.374,85.693,91.825,99.722,106.137,109.738,112.31,111.756,112.375,115.374,118.644,122.838,124.454,124.272,125.624,124.979,129.415,132.518,132.047,134.363,137.569,141.612,148.736,151.509,163.23,171.484,176.404,179.369,181.761,183.852,185.923
Iceland,6.642,9.043,13.081,22.226,27.217,34.804,42.406,49.703,59.048,69.722,77.451,81.201,81.946,81.322,81.649,82.326,82.85,83.689,86.659,88.454,89.976,95.652,99.715,98.266,98.257,98.19,103.458,105.101,115.638,127.316,133.816,135.152,136.968,137.023,138.548,141.937,140.044,137.122,137.427,141.022,144.794,147.572,150.212,153.108,155.812,158.143,159.915,162.043,164.261
India,4.024,4.074,4.148,4.333,4.513,4.69,4.909,5.238,5.476,5.714,6.095,6.706,7.145,7.668,8.257,8.82,9.318,9.753,10.417,10.625,10.754,10.843,11.062,11.259,11.6,11.724,12.104,12.463,13.289,14.005,15.081,15.55,16.161,17.342,18.387,19.235,19.899,20.648,20.946,21.072,21.788,22.632,22.89,22.947,23.365,23.842,24.345,24.864,25.388
Indonesia,328.173,313.401,310.277,357.083,375.75,378.909,378.343,417.688,435.746,461.204,478.901,503.137,523.326,552.363,582.868,627.313,669.484,740.872,1284.083,1445.556,1531.73,1712.129,1785.252,1846.767,1952.273,2164.2,2395.173,2594.714,2985.904,3145.831,3336.629,3512.754,3569.893,3765.672,4030.775,4353.327,4518.104,4695.659,4760.501,4751.378,4671.331,4738.906,4852.406,4846.56,4857.581,4880.478,4907.694,4929.366,4918.039
Iran,30.499,34.989,34.883,38.932,44,44.122,48.488,57.578,66.602,76.038,91.476,112.145,142.262,204.384,264.49,364.304,463.717,524.208,565.344,733.41,903.723,1006.693,1290.456,1447.879,1697.053,1994.462,2237.889,2692.159,3211.491,3382.674,3874.056,4758.87,6093.563,8503.847,9758.554,10701.562,11796.811,13061.295,16790.365,21531.104,30661.7,45869.851,64551.4,91562.046,118010.95,143567.503,174981.877,214384.182,264551.198
Iraq,no data,no data,no data,no data,no data,no data,no data,no data,no data,no data,no data,no data,no data,no data,no data,no data,no data,no data,214.014,362.911,508.854,389.863,423.133,184.391,207.82,273.746,326.772,364.115,465.07,371.896,428.436,523.34,525.738,531.128,557.279,560.517,570.485,560.761,617.74,589.561,520.023,678.68,750.184,659.324,658.651,644.13,631.04,618.708,607.743
Ireland,0.524,0.567,0.624,0.666,0.69,0.713,0.741,0.746,0.747,0.755,0.733,0.726,0.729,0.75,0.745,0.772,0.763,0.78,0.822,0.846,0.884,0.924,0.957,0.975,0.955,0.954,0.957,0.943,0.921,0.873,0.837,0.832,0.823,0.811,0.819,0.809,0.794,0.791,0.781,0.793,0.773,0.744,0.741,0.749,0.753,0.756,0.756,0.757,0.758
Israel,0.004,0.009,0.02,0.047,0.221,0.768,1.13,1.313,1.521,1.76,1.975,2.341,2.576,2.805,3.117,3.307,3.548,3.769,3.984,4.171,4.159,4.138,4.269,4.167,4.063,3.98,3.917,3.847,3.825,3.969,3.968,3.945,3.955,3.84,3.94,3.924,3.788,3.745,3.681,3.685,3.673,3.588,3.511,3.551,3.582,3.607,3.626,3.645,3.659
Italy,0.344,0.375,0.416,0.462,0.495,0.524,0.553,0.573,0.591,0.605,0.623,0.648,0.662,0.672,0.682,0.715,0.734,0.74,0.749,0.75,0.747,0.752,0.765,0.774,0.774,0.765,0.758,0.757,0.76,0.768,0.762,0.759,0.748,0.737,0.74,0.738,0.701,0.687,0.678,0.672,0.674,0.649,0.624,0.629,0.635,0.636,0.637,0.638,0.639
Jamaica,0.742,0.714,0.749,0.853,1.061,1.265,1.341,1.37,1.643,1.815,2.661,3.942,7.199,9.381,11.984,14.669,17.065,18.481,19.978,21.077,22.815,24.069,26.192,28.671,31.512,34.058,35.962,38.975,43.425,47.711,51.758,53.805,56.475,59.334,62.76,65.295,65.904,67.582,69.333,70.225,71.721,73.735,77.727,81.268,83.222,85.463,87.829,90.36,92.942
Japan,239.432,225.14,215.738,209.572,205.251,201.468,200.675,195.522,190.043,186.729,184.682,183.871,182.77,179.553,176.186,171.664,167.826,165.813,163.924,159.64,154.017,148.99,144.663,139.582,134.404,128.761,123.831,119.722,116.398,114.998,111.495,107.454,104.274,101.303,103.052,103.45,105.503,105.379,102.905,101.733,101.37,96.795,90.686,90.616,91.378,91.567,91.334,91.205,91.125
Jordan,0.137,0.136,0.138,0.142,0.138,0.14,0.147,0.143,0.138,0.153,0.171,0.188,0.194,0.195,0.205,0.204,0.205,0.204,0.215,0.212,0.206,0.204,0.203,0.203,0.203,0.202,0.217,0.222,0.256,0.263,0.28,0.291,0.302,0.308,0.319,0.312,0.314,0.3,0.3,0.297,0.292,0.283,0.271,0.268,0.269,0.27,0.272,0.274,0.275
Kazakhstan,no data,no data,no data,no data,no data,no data,no data,no data,no data,no data,no data,no data,0.02,0.267,4.244,10.845,14.792,16.888,17.646,19.711,22.633,24.383,25.402,27.835,31.48,35.978,42.423,47.72,56.626,58.905,69.58,82.09,83.832,86.235,92.814,100.35,110.825,121.253,129.307,136.725,140.792,153.803,171.984,179.711,195.433,202.949,210.661,219.344,226.785
Kenya,5.685,5.73,5.971,6.375,6.804,7.189,7.726,7.921,8.067,8.542,9.133,9.902,11.274,13.807,15.254,16.664,19.756,21.631,22.418,22.713,23.473,23.384,23.378,24.138,24.956,25.225,24.878,26.189,29.467,32.686,32.827,35.396,37.979,37.668,38.289,39.04,39.385,40.185,40.887,41.883,43.386,43.323,42.92,44.749,46.595,48.159,49.809,51.402,53.045
Kiribati,0.694,0.657,0.642,0.672,0.71,0.692,0.688,0.726,0.724,0.704,0.675,0.72,0.749,0.765,0.797,0.787,0.865,0.884,0.944,0.972,0.974,1.011,1.045,1.052,1.042,1.015,0.982,1.015,1.079,1.074,1.07,1.066,1.04,1.025,1.05,1.087,1.145,1.15,1.141,1.101,1.127,1.173,1.154,1.193,1.214,1.217,1.218,1.22,1.22
"Korea, Republic of",480.323,511.588,512.934,517.397,521.453,525.615,540.834,553.277,572.501,584.31,620.049,654.589,689.782,715.957,758.177,794.771,812.562,830.767,858.291,835.956,825.789,835.686,847.82,860.094,863.809,846.266,819.103,816.843,824.126,848.428,861.301,854.586,854.887,869.081,871.878,857.368,858.993,871.696,855.341,833.218,835.346,821.524,777.536,761.627,765.24,765.897,766.786,769.364,771.273
Kosovo,no data,no data,no data,no data,no data,no data,no data,no data,no data,no data,no data,no data,no data,no data,no data,no data,no data,no data,no data,no data,0.326,0.356,0.363,0.36,0.347,0.332,0.323,0.322,0.309,0.299,0.314,0.327,0.33,0.333,0.34,0.339,0.339,0.34,0.337,0.334,0.335,0.34,0.345,0.353,0.359,0.361,0.362,0.362,0.363
Kuwait,no data,0.172,0.158,0.142,0.137,0.139,0.102,0.11,0.109,0.103,0.101,0.097,0.097,0.087,0.08,0.084,0.096,0.09,0.073,0.086,0.101,0.091,0.094,0.097,0.105,0.124,0.14,0.142,0.165,0.136,0.15,0.172,0.176,0.179,0.179,0.19,0.187,0.177,0.193,0.189,0.16,0.194,0.216,0.191,0.188,0.183,0.179,0.175,0.172
Kyrgyz Republic,no data,no data,no data,no data,no data,no data,no data,no data,no data,no data,no data,no data,0.081,0.655,1.802,2.507,3.333,3.909,4.216,5.72,7.112,7.465,7.5,7.647,7.827,8.13,8.628,9.65,11.662,12.056,13.108,15.728,15.303,15.365,16.036,17.146,16.737,16.959,17.181,18.534,19.272,21.394,23.322,25.222,26.777,27.987,28.974,29.81,30.438
Lao P.D.R.,11.412,10.341,16.287,27.839,36.145,51.91,71.657,91.672,131.9,209.858,272.325,298.472,318.93,331.472,349.591,409.66,457.778,536.718,508.964,1087.863,1423.911,1567.946,1707.506,1893.872,2041.416,2142.728,2331.862,2420.349,2506.613,2446.412,2532.298,2666.535,2615.523,2712.93,2738.371,2819.729,2759.426,2789.109,2775.859,2788.084,2841.966,2872.785,3157.231,3574.085,3617.279,3651.209,3689.805,3732.222,3774.238
Latvia,no data,no data,no data,no data,no data,no data,no data,no data,no data,no data,no data,no data,0.111,0.178,0.237,0.267,0.295,0.307,0.318,0.319,0.323,0.323,0.334,0.344,0.359,0.387,0.422,0.493,0.54,0.485,0.478,0.499,0.506,0.499,0.498,0.497,0.485,0.484,0.491,0.495,0.494,0.503,0.532,0.56,0.573,0.583,0.587,0.591,0.595
Lebanon,0.841,0.917,1.024,1.057,1.2,1.971,3.776,21.632,53.28,88.302,143.68,210.609,453.016,571.304,603.937,654.28,699.442,740.8,762.447,758.842,727.161,698.214,721.445,719.609,707.895,692.476,677.668,680.5,718.015,786.802,781.958,788.752,808.92,798.526,771.115,764.821,742.686,734.776,757.154,774.276,1230.974,2836.761,7025.296,no data,no data,no data,no data,no data,no data
Lesotho,0.565,0.568,0.525,0.558,0.597,0.685,0.77,0.86,0.983,1.077,1.179,1.323,1.463,1.58,1.689,1.832,1.927,2.067,2.235,2.37,2.492,2.721,2.952,3.006,3.182,3.307,3.367,3.258,3.597,3.687,3.877,4.081,4.373,4.393,4.623,4.752,5.012,5.506,5.908,6.084,6.213,6.322,6.402,6.586,6.784,6.968,7.179,7.393,7.619
Liberia,no data,no data,no data,no data,no data,no data,no data,no data,no data,no data,no data,no data,no data,no data,no data,no data,no data,no data,no data,no data,0.333,0.332,0.327,0.341,0.402,0.388,0.407,0.425,0.49,0.487,0.504,0.546,0.56,0.539,0.522,0.55,0.518,0.461,0.437,0.416,0.417,0.439,0.443,0.447,0.439,0.433,0.433,0.431,0.426
Libya,0.122,0.12,0.111,0.107,0.105,0.1,0.096,0.096,0.093,0.093,0.094,0.084,0.092,0.093,0.094,0.117,0.128,0.14,0.14,0.165,0.182,0.183,0.236,0.257,0.303,0.382,0.456,0.455,0.552,0.412,0.486,0.592,0.677,0.663,0.575,0.49,0.505,0.606,0.613,0.628,0.59,1.075,1.271,1.161,1.156,1.114,1.076,1.042,1.011
Lithuania,no data,no data,no data,no data,no data,no data,no data,no data,no data,no data,no data,no data,no data,no data,no data,0.312,0.364,0.399,0.408,0.397,0.393,0.383,0.379,0.368,0.368,0.382,0.395,0.418,0.45,0.432,0.438,0.452,0.453,0.443,0.443,0.446,0.438,0.442,0.447,0.451,0.453,0.461,0.503,0.531,0.545,0.555,0.561,0.564,0.568
Luxembourg,0.803,0.795,0.749,0.778,0.795,0.773,0.757,0.74,0.734,0.735,0.726,0.715,0.725,0.751,0.761,0.763,0.772,0.744,0.733,0.761,0.798,0.787,0.786,0.788,0.791,0.804,0.83,0.824,0.862,0.864,0.893,0.905,0.907,0.895,0.884,0.881,0.852,0.844,0.842,0.835,0.859,0.861,0.85,0.869,0.88,0.885,0.885,0.887,0.888
Macao SAR,no data,no data,no data,no data,no data,no data,no data,no data,no data,no data,no data,no data,no data,no data,no data,no data,no data,no data,no data,no data,no data,3.507,3.407,3.343,3.318,3.397,3.55,3.76,4.06,4.072,4.216,4.44,4.565,4.644,4.861,5.137,5.118,5.155,5.212,5.244,5.163,4.912,4.608,4.457,4.442,4.438,4.426,4.419,4.42
Madagascar,24.789,29.544,36.702,42.195,44.684,47.891,53.75,60.562,73.906,77.53,83.595,87.766,98.311,105.629,143.745,209.833,246.779,253.493,266.238,281.413,307.018,324.024,371.691,358.286,397.614,456.321,490.317,526.531,555.3,589.997,642.562,694.863,742.898,777.659,823.956,886.091,941.011,1013.435,1071.762,1121.547,1154.828,1178.577,1178.916,1228.845,1290.888,1360.535,1426.047,1485.026,1537.275
Malawi,0.744,0.791,0.817,0.875,0.952,1.005,1.116,1.25,1.56,1.819,1.865,2.172,2.405,3.011,3.78,6.627,9.674,11.19,13.6,18.644,23.986,29.102,35.235,38.128,42.644,45.789,53.288,54.013,59.337,63.617,70.485,78.769,94.331,114.541,146.204,186.615,221.197,251.074,260.207,275.377,288.886,299.213,328.142,398.63,459.168,500.875,528.756,552.94,574.305
Malaysia,1.257,1.16,1.12,1.128,1.155,1.1,0.985,1.015,1.016,1.021,1.022,1.039,1.04,1.057,1.075,1.092,1.112,1.131,1.213,1.197,1.276,1.228,1.247,1.264,1.304,1.329,1.34,1.369,1.482,1.385,1.42,1.466,1.454,1.472,1.505,1.568,1.594,1.655,1.626,1.599,1.565,1.583,1.575,1.557,1.576,1.59,1.595,1.591,1.588
Maldives,1.947,1.931,1.908,1.877,1.843,1.876,2.006,2.192,2.22,2.271,2.767,3.055,3.371,3.665,3.897,4.401,4.483,4.94,4.729,4.744,4.691,4.618,4.626,4.595,4.921,5.209,5.425,5.817,6.338,7.009,7.125,7.862,8.154,8.246,8.174,8.278,8.129,8.161,8.22,7.99,7.904,7.696,7.307,7.294,7.304,7.316,7.32,7.332,7.343
Mali,111.754,112.411,127.993,133.716,144.314,140.255,138.751,133.576,128.27,124.418,125.068,118.224,113.277,114.084,158.63,177.558,170.838,171.653,173.928,174.471,169.548,173.57,176.91,160.311,161.738,168.585,171.138,174.225,184.007,191.428,196.677,216.09,225.379,219.312,218.683,218.571,211.357,214.509,212.531,212.799,213.031,213.9,209.78,208.409,209.499,209.467,209.589,209.942,210.245
Malta,0.524,0.509,0.483,0.464,0.448,0.436,0.449,0.454,0.447,0.443,0.446,0.451,0.447,0.45,0.461,0.466,0.458,0.465,0.474,0.483,0.553,0.565,0.571,0.571,0.568,0.561,0.556,0.554,0.561,0.569,0.58,0.574,0.58,0.577,0.586,0.6,0.583,0.578,0.574,0.577,0.579,0.565,0.556,0.56,0.564,0.563,0.563,0.564,0.562
Marshall Islands,no data,no data,no data,no data,no data,no data,no data,no data,no data,no data,no data,no data,no data,no data,no data,no data,no data,1.057,1.073,1.085,1.049,1.023,1.047,1.037,1.03,1.017,1.02,1.009,1.044,1.032,1.03,1.083,1.129,1.104,1.094,1.048,1.114,1.117,1.064,1.002,1.056,1.071,1.062,1.055,1.059,1.058,1.058,1.06,1.061
Mauritania,no data,no data,no data,no data,no data,no data,no data,no data,no data,no data,2.532,2.852,3.066,3.351,3.645,3.672,3.673,4.047,4.74,4.897,5.093,5.271,5.538,5.675,6.131,6.812,7.539,7.993,8.683,8.597,10.393,11.968,12.154,12.042,11.821,11.781,11.522,11.126,11.359,11.748,12.365,13.321,11.857,11.824,11.793,11.721,11.714,11.638,11.645
Mauritius,4.883,4.653,4.848,5.298,5.324,5.472,5.735,6.174,6.757,7.258,7.63,8.188,8.415,9.143,9.71,10.083,10.008,10.257,11.005,11.722,11.854,12.331,12.896,13.35,13.895,14.049,14.542,15.336,15.903,15.699,15.687,15.853,16.459,16.56,16.818,16.882,16.622,16.882,16.762,16.39,16.595,16.382,16.777,18.021,18.967,19.508,19.682,19.823,19.959
Mexico,0.013,0.015,0.022,0.04,0.062,0.096,0.161,0.379,0.735,0.901,1.112,1.331,1.494,1.771,1.879,2.554,3.178,3.678,4.209,4.786,5.18,5.394,5.604,5.73,6.034,6.194,6.376,6.589,6.873,7.187,7.412,7.673,7.859,7.884,8.045,8.326,8.446,8.871,9.114,9.337,9.663,9.655,9.629,9.77,10.089,10.234,10.376,10.496,10.619
"Micronesia, Fed. States of",no data,no data,no data,no data,no data,no data,no data,no data,no data,no data,no data,no data,no data,no data,no data,1.019,1.018,1.007,1.027,1.003,0.991,0.981,0.966,0.944,0.929,0.919,0.904,0.908,0.936,0.98,1.003,0.998,1.05,1.038,1.05,0.985,1.015,1.07,1.143,1.148,1.144,1.114,1.094,1.111,1.131,1.141,1.145,1.148,1.149
Moldova,no data,no data,no data,no data,no data,no data,no data,no data,no data,no data,no data,0.001,0.015,0.138,0.507,0.689,0.865,0.958,1.036,1.429,1.815,1.95,2.109,2.375,2.498,2.648,2.914,3.288,3.525,3.578,4.713,4.996,5.01,4.989,5.293,5.556,5.409,5.572,5.615,5.809,6.055,6.166,6.903,7.39,7.624,7.885,8.16,8.454,8.757
Mongolia,2.732,2.532,2.432,2.363,2.21,2.112,1.88,1.848,1.801,1.733,1.67,3.215,8.603,35.204,56.637,88.91,96.747,115.719,112.221,122.703,134.383,142.815,148.822,160.352,184.225,216.027,256.566,282.688,340.24,347.065,473.085,533.527,577.66,630.68,683.767,717.072,729.223,791.436,834.379,901.417,922.788,1010.466,1111.599,1194.031,1279.203,1381.643,1485.067,1584.515,1654.379
Montenegro,no data,no data,no data,no data,no data,no data,no data,no data,no data,no data,no data,no data,no data,no data,no data,no data,no data,no data,no data,no data,0.209,0.248,0.251,0.266,0.278,0.282,0.301,0.34,0.359,0.365,0.367,0.364,0.37,0.364,0.362,0.36,0.349,0.351,0.353,0.354,0.349,0.35,0.36,0.372,0.379,0.382,0.384,0.386,0.387
Morocco,2.963,2.97,2.999,3.097,3.247,3.412,3.69,3.742,3.807,3.808,3.872,3.936,4.058,4.095,4.003,4.258,4.159,4.137,4.079,4.067,3.96,3.89,3.869,3.822,3.767,3.707,3.645,3.707,3.802,3.783,3.775,3.672,3.75,3.794,4.034,3.996,3.994,4.023,3.966,3.928,3.883,3.805,3.664,3.75,3.78,3.799,3.801,3.808,3.815
Mozambique,0.066,0.045,0.05,0.054,0.062,0.08,0.088,0.242,0.346,0.491,0.884,1.271,1.687,2.372,3.48,5.166,7.594,8.263,8.657,9.336,10.178,11.524,12.487,12.777,13.254,13.775,14.415,15.094,15.593,15.659,16.71,16.894,18.019,18.426,18.551,18.264,19.834,22.856,22.989,23.726,24.216,24.246,25.259,26.335,27.653,29.004,30.224,31.376,32.499
Myanmar,no data,no data,no data,no data,no data,no data,no data,no data,no data,no data,no data,no data,no data,no data,no data,no data,no data,no data,44.46,56.296,61.119,68.365,92.074,116.008,123.329,133.945,156.401,186.692,215.294,232.996,245.489,261.784,267.496,278.559,294.007,318.979,347.071,366.713,377.605,394.192,412.365,412.168,450.379,497.737,526.745,558.808,593.26,629.947,668.741
Namibia,no data,no data,no data,no data,no data,no data,no data,no data,no data,no data,1.212,1.313,1.408,1.534,1.775,1.905,2.15,2.261,2.423,2.549,2.816,3.028,3.244,3.238,3.383,3.393,3.546,3.931,4.278,4.547,4.653,4.732,5.212,5.4,5.666,5.932,6.414,7.021,7.159,7.098,7.331,7.155,7.169,7.424,7.658,7.937,8.159,8.408,8.636
Nauru,no data,no data,no data,no data,no data,no data,no data,no data,no data,no data,no data,no data,no data,no data,no data,no data,no data,no data,no data,no data,no data,no data,no data,no data,1.198,1.178,1.206,0.949,0.806,1.227,1.095,1.209,1.338,1.179,1.18,1.168,1.411,1.589,1.694,1.577,1.591,1.55,1.524,1.564,1.584,1.586,1.6,1.608,1.61
Nepal,4.039,3.983,3.938,4.557,4.742,5.185,5.815,6.395,6.907,7.394,7.891,8.591,9.952,10.77,11.052,11.507,12.183,12.822,13.21,14.175,14.492,14.541,14.881,15.041,15.259,15.7,16.351,17.131,17.754,20.447,23.264,25.255,26.004,26.8,28.153,29.943,31.999,31.235,31.83,32.736,33.354,34.079,34.182,35.555,37.095,38.538,39.865,41.263,42.7
Netherlands,1.058,1.019,1.011,0.994,0.973,0.96,0.942,0.916,0.883,0.861,0.843,0.841,0.843,0.836,0.836,0.833,0.826,0.834,0.841,0.84,0.85,0.866,0.885,0.886,0.874,0.864,0.86,0.854,0.858,0.854,0.852,0.836,0.824,0.798,0.809,0.81,0.796,0.778,0.779,0.788,0.793,0.781,0.77,0.774,0.789,0.792,0.793,0.794,0.795
New Zealand,0.811,0.839,0.88,0.922,0.958,1.073,1.196,1.359,1.45,1.478,1.482,1.425,1.422,1.414,1.411,1.402,1.402,1.39,1.396,1.384,1.381,1.407,1.4,1.392,1.398,1.38,1.368,1.396,1.421,1.446,1.475,1.486,1.496,1.446,1.441,1.475,1.441,1.453,1.448,1.459,1.477,1.454,1.429,1.453,1.435,1.439,1.46,1.477,1.48
Nicaragua,0,0,0,0,0,0,0,0,0,0.001,0.064,1.872,2.26,2.66,2.756,3.06,3.294,3.555,4.008,4.317,4.583,4.807,4.887,5.048,5.359,5.711,5.996,6.403,7.3,7.691,8.067,8.71,9.362,9.715,10.16,10.554,10.594,10.807,10.834,11.217,11.668,11.563,11.77,12.384,12.716,12.963,13.225,13.507,13.792
Niger,183.114,186.525,193.237,200.46,216.114,197.13,185.123,183.726,168.062,163.984,155.54,146.706,136.025,127.787,152.971,156.19,164.041,172.548,181.091,179.218,180.818,185.758,187.624,183.548,179.421,188.963,186.078,193.952,209.636,216.961,221.889,226.128,233.427,242.084,244,249.921,257.019,258.46,258.374,254.371,253.478,250.115,242.828,240.776,241.175,241.134,241.322,241.723,242.072
Nigeria,no data,no data,no data,no data,no data,no data,no data,no data,no data,no data,2.872,3.333,4.867,6.478,8.857,13.986,17.229,17.91,19.286,21.881,26.352,28.493,34.105,35.85,41.165,47.956,56.101,58.594,63.647,66.01,73.43,78.777,86.826,90.261,92.782,96.832,105.374,115.978,124.839,135.375,144.12,151.898,158.011,179.136,205.494,226.668,246.808,268.958,291.603
North Macedonia ,no data,no data,no data,no data,no data,no data,no data,no data,no data,no data,no data,no data,1.072,5.681,14.017,16.073,16.234,16.592,16.636,16.863,17.834,18.264,18.153,18.096,17.594,17.894,17.923,18.252,18.892,18.828,18.984,19.29,19.003,19.105,18.996,19.435,18.961,19.043,19.326,19.15,19.163,18.994,19.172,20.308,21.119,21.1,21.148,21.206,21.294
Norway,5.236,5.399,5.62,5.784,5.93,6.047,5.895,6.168,6.248,6.349,6.354,6.282,6.102,6.098,5.961,6.017,6.161,6.225,6.113,6.428,7.249,7.211,6.992,7.053,7.27,7.667,8.087,8.116,8.805,8.302,8.691,9.083,9.037,9.029,9.278,9.93,10.043,9.922,10.342,10.104,9.723,10.896,13.042,12.58,12.59,12.349,12.148,12.003,11.878
Oman,0.186,0.177,0.157,0.136,0.127,0.12,0.101,0.108,0.096,0.101,0.111,0.099,0.098,0.09,0.088,0.088,0.093,0.089,0.076,0.083,0.095,0.089,0.091,0.098,0.108,0.127,0.141,0.149,0.193,0.144,0.163,0.185,0.189,0.191,0.199,0.198,0.194,0.2,0.218,0.209,0.184,0.198,0.231,0.208,0.205,0.2,0.195,0.191,0.188
Pakistan,5.036,5.124,5.228,5.296,5.664,5.68,5.705,5.854,6.268,6.551,6.762,7.391,7.963,8.426,9.258,10.316,10.798,11.954,12.595,13.082,13.186,13.673,13.987,14.235,14.888,15.135,15.62,16.674,17.743,20.284,22,24.962,26.635,28.522,30.403,31.468,32.378,33.589,34.078,36.283,39.246,41.706,43.831,53.981,65.328,72.035,76.45,79.798,83.447
Palau,no data,no data,no data,no data,no data,no data,no data,no data,no data,no data,no data,no data,no data,no data,no data,no data,no data,no data,no data,no data,0.926,0.907,0.867,0.836,0.842,0.879,0.876,0.868,0.914,0.9,0.901,0.898,0.953,1.002,1.022,1.065,1.113,1.082,1.038,0.983,0.954,0.951,0.961,0.996,1.044,1.066,1.064,1.064,1.063
Panama,0.587,0.555,0.549,0.567,0.557,0.544,0.535,0.534,0.515,0.489,0.474,0.461,0.473,0.479,0.486,0.478,0.516,0.515,0.514,0.511,0.494,0.488,0.488,0.484,0.481,0.474,0.47,0.471,0.497,0.526,0.533,0.553,0.574,0.571,0.559,0.538,0.515,0.497,0.489,0.482,0.473,0.462,0.442,0.433,0.431,0.431,0.431,0.432,0.433
Papua New Guinea,0.862,0.766,0.745,0.782,0.755,0.732,0.717,0.7,0.872,0.818,0.822,0.851,0.856,0.85,0.856,0.973,0.983,1.075,1.119,1.226,1.356,1.417,1.555,1.601,1.604,1.678,1.781,1.783,1.953,1.846,2.005,2.138,2.087,2.124,2.199,2.15,2.182,2.307,2.473,2.455,2.463,2.636,2.838,2.687,2.744,2.784,2.786,2.801,2.839
Paraguay,46.352,49.443,49.489,54.498,66.314,80.694,104.19,132.731,160.373,202.919,265.138,380.308,424.2,465.016,512.536,557.615,610.131,620.247,713.065,778.255,872.612,972.311,1129.235,1275.083,1388.711,1520.894,1606.025,1761.355,1939.483,1997.433,2065.6,2126.67,2288.408,2309.777,2383.451,2453.16,2507.4,2534.377,2523.389,2554.829,2577.498,2675.087,2689.175,2724.916,2759.532,2801.43,2854.312,2911.371,2968.934
Peru,0,0,0,0,0,0,0,0,0,0.001,0.072,0.337,0.555,0.797,0.967,1.075,1.163,1.229,1.286,1.304,1.326,1.311,1.298,1.311,1.349,1.334,1.408,1.411,1.408,1.431,1.497,1.543,1.599,1.616,1.646,1.714,1.743,1.749,1.742,1.741,1.792,1.841,1.793,1.841,1.843,1.847,1.852,1.858,1.861
Philippines,3.025,3.087,3.161,3.474,5.141,5.862,5.916,6.207,6.573,6.897,7.491,8.434,8.896,9.282,10.002,10.546,11.152,11.649,12.719,13.336,13.799,14.254,14.629,14.804,15.266,15.676,15.985,16.056,16.885,17.237,17.777,18.098,18.069,18.426,18.876,19.001,18.949,19.385,19.638,19.426,19.493,19.081,18.809,18.982,19.058,19.144,19.251,19.38,19.506
Poland,0.001,0.002,0.003,0.004,0.004,0.005,0.006,0.007,0.012,0.037,0.232,0.349,0.475,0.603,0.807,1.059,1.227,1.374,1.509,1.577,1.654,1.674,1.689,1.669,1.706,1.696,1.674,1.69,1.723,1.777,1.783,1.801,1.796,1.762,1.767,1.765,1.733,1.737,1.717,1.738,1.789,1.802,1.874,2.043,2.122,2.176,2.208,2.223,2.238
Portugal,0.137,0.148,0.165,0.201,0.241,0.282,0.327,0.349,0.382,0.407,0.437,0.469,0.499,0.514,0.537,0.556,0.559,0.571,0.586,0.598,0.604,0.613,0.629,0.638,0.636,0.637,0.638,0.639,0.638,0.641,0.638,0.623,0.605,0.584,0.579,0.585,0.571,0.575,0.572,0.571,0.575,0.559,0.545,0.546,0.548,0.549,0.55,0.55,0.55
Puerto Rico,0.651,0.65,0.664,0.655,0.653,0.657,0.645,0.652,0.648,0.642,0.645,0.644,0.646,0.643,0.649,0.653,0.667,0.664,0.692,0.699,0.706,0.712,0.715,0.716,0.724,0.748,0.766,0.774,0.809,0.844,0.855,0.857,0.858,0.86,0.86,0.875,0.892,0.905,0.902,0.908,0.918,0.906,0.897,0.89,0.883,0.882,0.884,0.89,0.897
Qatar,1.17,1.225,1.102,0.954,0.823,0.858,0.64,0.652,0.577,0.557,0.876,0.766,0.776,0.696,0.685,0.771,0.822,0.813,0.62,0.782,1.148,1.04,1.058,1.224,1.293,1.693,1.684,1.798,2.226,1.532,1.745,2.153,2.186,2.24,2.365,2.468,2.504,2.346,2.575,2.417,2.026,2.376,2.785,2.612,2.616,2.596,2.572,2.515,2.474
Romania,0.001,0.001,0.001,0.001,0,0,0,0,0,0,0,0.001,0.004,0.013,0.03,0.039,0.056,0.136,0.209,0.304,0.424,0.572,0.692,0.836,0.94,1.021,1.096,1.236,1.405,1.454,1.522,1.55,1.564,1.606,1.628,1.662,1.597,1.604,1.664,1.746,1.795,1.806,1.913,2.036,2.098,2.118,2.147,2.167,2.18
Russian Federation,no data,no data,no data,no data,no data,no data,no data,no data,no data,no data,0,0.001,0.013,0.121,0.485,1.158,1.658,1.876,2.199,3.74,5.033,5.735,6.528,7.272,8.521,9.855,11.009,12.198,14.118,14.307,16.142,18.444,19.568,19.506,20.999,23.563,24.195,24.05,25.834,26.207,26.102,29.724,32.168,31.566,32.418,32.595,32.955,33.123,33.32
Rwanda,65.745,66.537,68.542,67.523,64.542,65.434,59.608,58.89,58.234,64.915,61.538,69.515,72.417,81.996,85.655,130.122,145.115,164.795,166.682,159.461,161.066,156.905,146.543,172.915,186.994,197.726,196.568,216.081,242.753,258.413,263.434,276.649,299.239,302.895,297.072,299.615,311.476,325.126,315.478,317.46,334.476,328.822,356.537,378.59,395.173,406.733,418.94,431.989,445.336
Saint Kitts and Nevis,1.202,1.278,1.295,1.254,1.287,1.306,1.383,1.426,1.48,1.495,1.545,1.451,1.522,1.538,1.597,1.628,1.611,1.661,1.695,1.707,1.648,1.665,1.697,1.692,1.711,1.632,1.807,1.871,1.863,1.907,1.895,1.961,2.016,2.034,2.035,2.035,2.038,2.04,1.985,1.928,1.778,1.668,1.611,1.64,1.622,1.619,1.62,1.624,1.627
Saint Lucia,1.624,1.611,1.401,1.394,1.589,1.548,1.585,1.644,1.595,1.596,1.666,1.7,1.691,1.669,1.676,1.725,1.702,1.721,1.743,1.759,1.74,1.685,1.666,1.72,1.687,1.748,1.779,1.784,1.789,1.777,1.826,1.83,1.876,1.877,1.931,2.011,1.958,1.996,1.954,1.962,1.835,1.917,1.923,1.931,1.935,1.945,1.956,1.968,1.981
Saint Vincent and the Grenadines,1.26,1.373,1.405,1.408,1.425,1.429,1.468,1.553,1.516,1.511,1.555,1.56,1.554,1.509,1.512,1.514,1.543,1.534,1.56,1.575,1.535,1.595,1.581,1.525,1.546,1.546,1.561,1.636,1.641,1.609,1.675,1.636,1.65,1.643,1.596,1.605,1.533,1.59,1.577,1.585,1.551,1.479,1.422,1.417,1.418,1.418,1.418,1.421,1.423
Samoa,0.599,0.636,0.724,0.821,0.917,0.966,0.957,0.973,0.999,1.014,1.37,1.365,1.442,1.483,1.072,1.473,1.432,1.577,1.696,1.68,1.676,1.695,1.693,1.703,1.776,1.79,1.828,1.914,2.049,2.07,1.958,1.9,1.94,1.952,1.932,1.989,2.014,1.982,1.957,1.951,1.949,1.858,1.835,1.935,1.974,2,2.021,2.044,2.067
San Marino,no data,no data,no data,no data,no data,no data,no data,no data,no data,no data,no data,no data,no data,no data,no data,no data,no data,0.747,0.752,0.754,0.756,0.76,0.765,0.769,0.764,0.753,0.745,0.711,0.717,0.718,0.722,0.71,0.715,0.726,0.69,0.691,0.689,0.683,0.68,0.675,0.67,0.651,0.625,0.639,0.647,0.646,0.646,0.647,0.648
Saudi Arabia,1.311,1.338,1.339,1.304,1.247,1.196,0.858,0.893,0.786,0.821,0.847,0.801,0.781,0.75,0.743,0.77,0.815,0.829,0.706,0.797,0.864,0.831,0.867,0.87,0.941,1.096,1.187,1.253,1.447,1.212,1.403,1.586,1.65,1.666,1.646,1.591,1.639,1.649,1.855,1.791,1.618,1.762,1.932,1.785,1.742,1.698,1.666,1.64,1.62
Senegal,151.808,153.94,159.143,167.349,174.103,183.942,190.657,183.096,174.378,170.344,164.17,157.649,152.704,148.591,193.464,203.849,210.571,214.146,219.644,220.306,218.245,228.366,229.144,222.635,216.522,219.85,219.423,227.726,241.8,236.202,237.141,241.276,245.6,247.212,243.618,242.595,244.658,246.787,238.969,239.657,240.046,233.776,237.282,238.957,241.375,241.338,241.479,241.809,244.884
Serbia,no data,no data,no data,no data,no data,no data,no data,no data,no data,no data,no data,no data,no data,no data,no data,no data,no data,3.229,3.973,5.01,8.867,16.201,19.064,21.03,22.144,24.62,26.834,28.401,30.399,32.588,34.045,36.324,37.982,39.323,39.802,40.726,40.459,40.795,40.624,40.882,41.344,41.906,43.314,46.818,48.126,48.956,49.622,50.278,50.917
Seychelles,3.42,3.354,3.213,3.191,3.176,3.149,3.264,3.302,3.315,3.258,3.34,3.165,3.239,3.26,3.276,3.143,2.898,2.874,3.138,3.158,3.127,3.246,3.312,3.441,4.178,4.069,4.004,4.36,5.77,7.309,6.894,6.884,7.625,7.959,7.844,8.157,7.815,7.969,7.958,7.852,7.846,7.641,7.298,6.992,6.955,7.024,7.099,7.183,7.264
Sierra Leone,0.643,0.683,0.759,0.982,1.435,2.577,5.968,10.483,15.534,24.068,31.788,78.249,124.826,156.569,181.621,243.012,418.353,480.332,603.457,744.017,771.996,712.9,674.426,748.208,822.007,929.54,1012.854,1053.219,1136.653,1217.275,1409.382,1620.575,1750.438,1778.18,1808.755,1881.811,1975.344,2244.995,2499.689,2644.786,2895.688,2956.645,3354.352,4358.493,5194.855,5847.699,6386.356,6840.738,7249.057
Singapore,1.131,1.093,1.077,1.069,1.04,0.993,0.961,0.943,0.96,0.963,0.971,0.981,0.973,0.983,0.996,1.006,1.003,0.997,0.973,0.925,0.939,0.902,0.88,0.848,0.858,0.848,0.838,0.864,0.836,0.855,0.854,0.847,0.846,0.859,0.864,0.88,0.878,0.886,0.896,0.878,0.844,0.878,0.895,0.886,0.896,0.901,0.901,0.903,0.904
Slovak Republic,no data,no data,no data,no data,no data,no data,no data,no data,no data,no data,no data,no data,no data,0.318,0.353,0.376,0.385,0.402,0.417,0.441,0.472,0.485,0.497,0.513,0.528,0.525,0.524,0.516,0.521,0.512,0.508,0.506,0.505,0.491,0.485,0.491,0.503,0.503,0.501,0.504,0.51,0.499,0.502,0.532,0.552,0.556,0.555,0.555,0.555
Slovenia,no data,no data,no data,no data,no data,no data,no data,no data,no data,no data,no data,no data,0.289,0.332,0.358,0.393,0.429,0.457,0.486,0.51,0.527,0.56,0.593,0.614,0.618,0.609,0.603,0.612,0.627,0.645,0.63,0.624,0.607,0.59,0.591,0.595,0.577,0.568,0.566,0.569,0.568,0.558,0.555,0.578,0.594,0.604,0.607,0.605,0.605
Solomon Islands,0.681,0.703,0.749,0.771,0.825,0.875,0.901,0.981,1.107,1.102,1.424,1.477,1.634,1.868,2.34,2.511,2.763,2.947,3.239,3.439,3.55,3.815,4.181,4.356,4.472,4.959,5.236,5.652,5.983,6.343,6.646,7.131,7.504,7.548,7.682,7.861,7.81,7.862,8.28,8.236,8.022,7.765,7.765,7.848,7.954,8.058,8.155,8.275,8.385
Somalia,no data,no data,no data,no data,no data,no data,no data,no data,no data,no data,no data,no data,no data,no data,no data,no data,no data,no data,no data,no data,no data,no data,no data,no data,no data,no data,no data,no data,no data,no data,no data,0.267,0.356,0.432,0.402,0.357,0.343,0.356,0.339,0.366,0.362,0.358,0.346,0.359,0.367,0.376,0.384,0.393,0.399
South Africa,0.469,0.477,0.515,0.58,0.622,0.7,0.801,0.897,1,1.127,1.254,1.403,1.574,1.743,1.874,2.034,2.158,2.294,2.452,2.584,2.759,2.909,3.223,3.363,3.473,3.556,3.658,3.856,4.08,4.406,4.62,4.777,5.108,5.296,5.572,5.825,6.159,6.427,6.526,6.707,6.969,7.103,6.954,7.008,7.171,7.346,7.538,7.768,8.004
"South Sudan, Republic of",no data,no data,no data,no data,no data,no data,no data,no data,no data,no data,no data,no data,no data,no data,no data,no data,no data,no data,no data,no data,no data,no data,no data,no data,no data,no data,no data,no data,no data,no data,no data,1.593,2.291,2.501,2.609,3.268,13.07,35.505,76.389,107.593,157.81,296.499,686.697,877.985,1016.902,1061.15,1141.565,1238.278,1387.854
Spain,0.337,0.352,0.376,0.407,0.433,0.457,0.493,0.509,0.518,0.532,0.55,0.57,0.595,0.614,0.623,0.631,0.641,0.645,0.654,0.661,0.669,0.681,0.698,0.712,0.72,0.727,0.733,0.738,0.74,0.737,0.729,0.714,0.695,0.675,0.662,0.665,0.643,0.63,0.623,0.621,0.62,0.609,0.593,0.602,0.611,0.611,0.609,0.608,0.607
Sri Lanka,5.077,5.333,5.572,6.359,7.271,7.092,7.369,7.769,8.246,8.806,10.213,10.315,11.892,12.696,13.337,14.205,14.306,14.778,16.99,17.693,18.146,20.254,21.61,22.283,23.61,25.278,27.286,30.295,34.578,36.379,38.57,39.289,41.447,42.939,44.298,45.183,46.283,49.39,50.302,51.329,52.325,54.33,75.574,no data,no data,no data,no data,no data,no data
Sudan,0,0,0,0,0,0,0.001,0.001,0.001,0.002,0.003,0.004,0.007,0.017,0.033,0.068,0.17,0.243,0.302,0.352,0.397,0.421,0.46,0.495,0.566,0.647,0.676,0.759,0.811,0.821,0.995,1.231,1.639,2.207,2.621,2.968,3.373,4.619,7.093,10.659,27.86,75.771,93.266,373.076,913.322,1468.241,2099.193,2776.949,3623.132
Suriname,0.001,0.001,0.001,0.001,0.001,0.001,0.001,0.001,0.001,0.001,0.002,0.003,0.003,0.008,0.045,0.151,0.15,0.148,0.172,0.292,0.47,0.621,0.802,0.963,1.062,1.174,1.271,1.317,1.493,1.579,1.673,1.866,1.924,1.845,1.811,1.82,2.429,2.578,2.66,2.729,3.902,5.887,8.009,11.851,14.885,16.768,18.211,19.444,20.049
Sweden,6.778,6.473,6.581,6.959,7.236,7.459,7.768,7.944,8.187,8.498,8.953,9.371,9.267,9.266,9.307,9.463,9.387,9.368,9.339,9.292,9.223,9.244,9.243,9.218,9.007,8.793,8.68,8.69,8.803,8.953,8.931,8.844,8.655,8.598,8.727,8.852,8.823,8.719,8.719,8.783,8.843,8.682,8.599,8.834,8.981,9.042,9.073,9.089,9.102
Switzerland,1.799,1.736,1.755,1.73,1.732,1.717,1.735,1.73,1.717,1.71,1.724,1.758,1.755,1.754,1.738,1.715,1.689,1.652,1.631,1.609,1.594,1.574,1.547,1.534,1.499,1.467,1.453,1.448,1.442,1.439,1.427,1.397,1.354,1.312,1.282,1.235,1.202,1.18,1.161,1.14,1.117,1.082,1.037,1.024,1.019,1.014,1.009,1.006,1.003
Syria,2.71,2.928,2.811,2.837,3.01,3.004,3.713,4.573,5.709,6.566,7.367,7.473,7.695,7.792,8.842,9.268,10.695,11.472,11.394,12.018,13.284,13.364,13.754,13.227,14.212,15.426,16.326,17.608,20.033,19.351,20.474,no data,no data,no data,no data,no data,no data,no data,no data,no data,no data,no data,no data,no data,no data,no data,no data,no data,no data
SÃ£o TomÃ© and PrÃ­ncipe,0.02,0.023,0.021,0.021,0.023,0.022,0.028,0.039,0.05,0.067,0.092,0.112,0.153,0.262,0.447,0.656,1.284,1.756,2.014,2.144,2.305,2.277,2.51,2.841,3.087,3.57,3.986,4.434,5.676,6.426,6.792,7.431,8.652,8.767,8.624,9.186,9.739,10.055,10.695,11.69,12.609,12.69,13.793,15.693,16.694,17.317,17.807,18.331,18.865
Taiwan Province of China,24.722,24.999,24.127,23.839,23.305,22.596,23.236,22.684,21.926,21.643,21.933,21.955,22.155,22.395,22.302,22.362,22.474,22.58,23.055,22.297,21.604,20.995,20.589,19.906,19.241,18.375,17.603,17.051,16.288,16.205,15.807,15.151,15.081,15.042,15.25,15.476,15.776,15.73,15.27,14.978,15.061,14.77,14.061,13.848,13.751,13.669,13.604,13.557,13.505
Tajikistan,no data,no data,no data,no data,no data,no data,no data,no data,no data,no data,no data,no data,0,0.001,0.003,0.012,0.06,0.119,0.181,0.226,0.274,0.338,0.406,0.513,0.585,0.622,0.726,0.904,1.132,1.268,1.409,1.565,1.67,1.649,1.651,1.914,2.03,2.231,2.232,2.273,2.281,2.403,2.381,2.388,2.487,2.596,2.712,2.837,2.952
Tanzania,8.534,9.275,10.503,11.413,12.555,14.842,17.999,22.421,31.886,36.991,43.661,54.106,66.324,80.637,103.559,128.679,150.77,178.925,227.685,246.142,258.914,266.644,281.191,299.049,311.683,321.626,363.389,374.828,426.393,462.923,499.72,546.073,649.705,706.309,759.031,803.812,848.68,885.083,877.961,872.554,889.554,866.778,854.776,873.227,894.827,914.73,936.616,964.437,994.56
Thailand,9.165,9.074,8.978,8.955,8.768,8.684,8.654,8.844,9.048,9.239,9.414,9.588,9.752,9.744,9.986,10.343,10.573,10.853,11.598,11.142,11.04,11.004,11.018,11.037,11.132,11.344,11.566,11.54,11.904,11.851,12.188,12.387,12.25,12.301,12.488,12.641,12.731,12.845,12.722,12.625,12.303,11.978,11.717,11.153,11.08,11.144,11.191,11.232,11.292
Timor-Leste,no data,no data,no data,no data,no data,no data,no data,no data,no data,no data,no data,no data,no data,no data,no data,no data,no data,no data,no data,no data,0.332,0.363,0.377,0.395,0.344,0.34,0.337,0.356,0.375,0.379,0.416,0.455,0.437,0.487,0.453,0.458,0.432,0.409,0.394,0.407,0.324,0.494,0.521,0.4,0.401,0.409,0.417,0.426,0.435
Togo,151.933,153.48,153.047,171.591,164.705,165.942,170.133,173.49,167.848,163.066,152.587,152.035,151.114,143.769,187.799,182.419,208.714,229.68,222.39,223.705,216.695,215.389,222.747,212.112,202.624,208.026,200.777,209.674,224.397,229.918,226.975,228.625,237.899,240.651,238.234,241.552,243.553,239.722,235.157,231.04,232.166,227.778,220.656,218.754,218.614,218.581,218.708,219.077,219.393
Tonga,0.936,0.825,0.778,0.781,0.567,0.611,0.653,0.716,0.767,0.79,0.791,0.847,0.925,0.971,0.96,0.894,0.904,0.888,0.902,0.96,0.963,0.98,1.038,1.134,1.196,1.252,1.437,1.462,1.499,1.564,1.665,1.639,1.676,1.608,1.579,1.646,1.679,1.74,1.787,1.89,1.788,1.678,1.701,1.806,1.868,1.906,1.934,1.96,1.99
Trinidad and Tobago,2.012,1.971,2.082,2.13,2.18,2.139,2.071,2.119,2.132,2.198,2.447,2.405,2.188,2.28,2.58,2.632,2.633,2.496,2.423,2.492,2.73,2.752,2.588,2.814,3.002,3.3,3.231,3.568,4.329,3.147,3.496,3.95,4.097,4.317,4.375,4.24,4.107,4.162,4.173,3.938,3.728,4.274,4.941,4.314,4.385,4.319,4.242,4.178,4.115
Tunisia,0.268,0.273,0.298,0.325,0.334,0.336,0.341,0.35,0.364,0.377,0.401,0.414,0.428,0.435,0.443,0.455,0.466,0.48,0.49,0.499,0.506,0.514,0.518,0.522,0.525,0.53,0.534,0.531,0.554,0.567,0.582,0.596,0.635,0.671,0.7,0.742,0.767,0.794,0.837,0.881,0.928,0.927,0.932,0.981,1.055,1.124,1.188,1.253,1.299
Turkmenistan,no data,no data,no data,no data,no data,no data,no data,no data,no data,no data,no data,no data,0,0,0.002,0.017,0.217,0.345,0.403,0.489,0.525,0.589,0.628,0.691,0.729,0.756,0.824,0.876,1.373,1.497,1.296,1.426,1.578,1.634,1.682,1.645,1.613,1.623,1.65,1.825,1.864,2.063,2.277,2.27,2.416,2.569,2.74,2.929,3.135
Tuvalu,no data,no data,no data,no data,no data,no data,no data,no data,no data,no data,no data,no data,no data,no data,no data,no data,no data,no data,no data,no data,1.108,1.147,1.168,1.18,1.207,1.169,1.207,1.163,1.182,1.18,1.183,1.173,1.158,1.172,1.208,1.248,1.339,1.353,1.418,1.483,1.477,1.48,1.459,1.496,1.523,1.551,1.574,1.596,1.613
"TÃ¼rkiye, Republic of",0,0,0,0,0,0,0,0,0.001,0.001,0.001,0.002,0.003,0.005,0.011,0.02,0.036,0.063,0.11,0.168,0.245,0.366,0.496,0.6,0.657,0.682,0.724,0.748,0.823,0.862,0.911,0.966,1.02,1.07,1.105,1.162,1.241,1.373,1.562,1.748,1.98,2.444,4.478,6.798,10.54,15.748,22.535,30.447,40.54
Uganda,0.379,0.54,0.761,1.027,2.009,4.075,8.425,23.157,64.838,134.376,186.958,213.419,284.799,325.069,350.58,372.648,382.518,405.625,423.956,431.745,455.215,441.42,447.003,467.121,488.373,490.747,516.84,545.089,618.941,722.193,729.035,856.168,1003.277,1042.081,1073.747,1125.471,1211.94,1270.608,1308.597,1317.508,1327.662,1302.112,1329.5,1342.169,1373.909,1412.089,1454.032,1500.872,1548.916
Ukraine,no data,no data,no data,no data,no data,no data,no data,no data,no data,no data,no data,no data,0,0.005,0.054,0.275,0.448,0.52,0.576,0.724,0.871,0.906,0.939,0.996,1.119,1.346,1.499,1.793,2.271,2.54,2.853,3.192,3.297,3.013,3.435,4.566,5.014,5.916,6.664,7.088,7.714,9.215,11.563,13.691,15.389,16.582,17.324,17.863,18.414
United Arab Emirates,1.732,1.615,1.524,1.418,1.299,1.268,1.22,1.242,1.252,1.201,1.208,1.112,1.111,1.086,1.09,1.106,1.184,1.135,1.087,1.157,1.229,1.189,1.215,1.24,1.31,1.48,1.607,1.761,2.048,1.726,1.918,2.127,2.178,2.213,2.183,2.188,2.19,2.222,2.342,2.227,1.934,2.107,2.23,2.089,2.071,2.037,2.01,1.989,1.97
United Kingdom,0.482,0.496,0.506,0.515,0.525,0.538,0.554,0.572,0.588,0.612,0.64,0.663,0.671,0.676,0.674,0.679,0.699,0.688,0.691,0.691,0.685,0.682,0.686,0.69,0.69,0.689,0.688,0.686,0.695,0.704,0.706,0.706,0.702,0.695,0.698,0.692,0.689,0.682,0.678,0.68,0.711,0.68,0.67,0.684,0.692,0.692,0.693,0.694,0.695
United States,1,1,1,1,1,1,1,1,1,1,1,1,1,1,1,1,1,1,1,1,1,1,1,1,1,1,1,1,1,1,1,1,1,1,1,1,1,1,1,1,1,1,1,1,1,1,1,1,1
Uruguay,0.007,0.009,0.01,0.014,0.021,0.035,0.059,0.102,0.161,0.272,0.588,1.142,1.783,2.575,3.503,4.839,6.009,7.016,7.797,8.021,8.121,8.325,9.232,10.55,11.313,11.043,11.413,12.159,12.887,13.797,14.302,15.274,16.938,18.173,19.473,21.105,22.454,23.294,24.408,25.989,28.208,30.419,29.682,29.839,30.804,31.765,32.786,33.792,34.833
Uzbekistan,no data,no data,no data,no data,no data,no data,no data,no data,no data,no data,no data,0.001,0.011,0.125,1.642,7.575,13.505,22.05,30.307,43.071,62.055,88.113,126.19,156.818,177.221,208.56,245.359,296.231,357.106,426.472,505.24,601.998,706.905,804.31,935.237,1058.678,1179.957,1432.907,1775.982,2055.503,2261.194,2457.079,2614.217,2819.534,3049.14,3335.666,3596.579,3810.61,4006.398
Vanuatu,76.235,80.564,82.018,81.138,87.84,82.211,78.191,88.874,94.254,96.549,92.161,98.301,98.788,98.492,98.662,98.31,98.555,99.962,103.39,105.092,105.003,106.412,107.791,106.549,105.96,103.169,103.957,107.069,112.581,114.722,115.028,115.827,113.173,114.57,114.032,119.523,120.203,124.29,125.264,127.092,128.949,124.269,130.583,136.345,140.789,143.222,144.685,146.325,147.947
Venezuela,0,0,0,0,0,0,0,0,0,0,0,0,0,0,0,0,0,0,0,0,0,0,0,0,0,0,0,0,0,0,0,0,0,0,0,0,0,0,0,0.004,0.089,1.109,3.273,13.981,41.572,no data,no data,no data,no data
Vietnam,0.249,0.302,0.568,0.817,1.3,2.416,13.904,56.534,222.433,500.155,685.407,1145.597,1484.806,1702.939,1950.07,2235.493,2386.214,2500.536,2691.221,2806.024,2837.393,2828.94,2895.73,3029.046,3476.777,3676.108,3871.644,4132.808,4974.458,5250.005,5814.022,6915.335,7167.057,7369.895,7473.419,7413.456,7315.613,7395.338,7483.618,7529.909,7541.851,7418.299,7200.3,7210.669,7320.584,7422.938,7497.521,7573.617,7648.756
West Bank and Gaza,no data,no data,no data,no data,no data,no data,no data,no data,no data,no data,no data,no data,no data,no data,1.724,1.82,1.944,1.986,2.047,2.133,2.268,2.342,2.636,2.432,2.218,2.154,2.187,2.057,2.063,2.288,2.433,2.405,2.36,2.337,2.177,2.136,2.149,2.036,1.977,2.002,1.951,1.909,1.812,1.807,1.814,1.823,1.828,1.831,1.833
Yemen,no data,no data,no data,no data,no data,no data,no data,no data,no data,no data,6.115,6.624,7.33,8.332,9.854,14.066,18.892,21.04,19.07,25.098,30.271,30.418,32.561,35.408,39.349,45.224,49.832,53.803,63.549,57.647,70.415,81.477,88.793,93.631,98.497,142.845,141.618,164.763,184.794,193.583,248.884,319.42,386.898,420.288,491.281,568.094,631.818,677.517,727.993
Zambia,0,0,0,0,0.001,0.001,0.001,0.002,0.003,0.005,0.01,0.018,0.045,0.114,0.195,0.249,0.305,0.375,0.434,0.505,0.654,0.802,0.943,1.088,1.268,1.434,1.594,1.753,1.903,1.996,2.247,2.446,2.651,2.833,3.065,3.366,3.879,4.193,4.398,4.65,5.221,6.375,6.472,6.996,7.52,7.909,8.292,8.672,9.068
Zimbabwe,no data,no data,no data,no data,no data,no data,no data,no data,no data,no data,no data,no data,no data,no data,no data,no data,no data,no data,0.422,0.409,0.402,0.392,0.399,0.417,0.428,0.429,0.388,0.374,0.378,0.504,0.518,0.52,0.549,0.558,0.549,0.539,0.541,0.641,1.032,6.204,43.174,88.012,298.6,2516.75,10066.803,22166.675,39899.437,56767.353,71460.337